movie.title,genre,mpaa.rating,total.gross,inflation.adjusted.gross
Snow White and the Seven Dwarfs,Musical,G,184925485,5228953251
Pinocchio,Adventure,G,84300000,2188229052
Fantasia,Musical,G,83320000,2187090808
Song of the South,Adventure,G,65000000,1078510579
Cinderella,Drama,G,85000000,920608730
"20,000 Leagues Under the Sea",Adventure,,28200000,528279994
Lady and the Tramp,Drama,G,93600000,1236035515
Sleeping Beauty,Drama,,9464608,21505832
101 Dalmatians,Comedy,G,153000000,1362870985
The Absent Minded Professor,Comedy,,25381407,310094574
Babes in Toyland,Musical,G,10218316,124841160
Bon Voyage!,Comedy,Not Rated,9230769,109581646
The Sword in the Stone,Adventure,,22182353,153870834
The Jungle Book,Musical,Not Rated,141843000,789612346
Blackbeard's Ghost,Comedy,,21540050,138612686
The Aristocats,Musical,G,55675257,255161499
The Boatniks,Comedy,,18607492,101200742
Bedknobs and Broomsticks,Musical,,17871174,91305448
The Apple Dumpling Gang,Comedy,,31916500,131246872
Freaky Friday,Comedy,,25942000,98067733
The Many Adventures of Winnie the Pooh,,,0,0
The Rescuers,Adventure,,48775599,159743914
Herbie Goes to Monte Carlo,,,28000000,105847527
The Black Hole,,,35841901,120377374
Midnight Madness,,,2900000,9088096
The Last Flight of Noah’s Ark,,,11000000,34472116
The Devil and Max Devlin,,,16000000,48517980
Amy,Drama,,0,0
The Fox and the Hound,Comedy,,43899231,133118889
Condorman,Action,,0,0
Night Crossing,Drama,,4500000,12903059
Tron,Action,,26918576,77184895
Tex,Drama,,7199408,20643199
Trenchcoat,Comedy,,4304286,11519089
Something Wicked This Way Comes,Horror,,5656087,15136765
Never Cry Wolf,Drama,,27668764,70669955
Running Brave,Drama,,1204595,3223725
Splash,Comedy,PG,62599495,157057661
Country,Drama,,8400000,21075000
Baby: Secret of the Lost Legend,Adventure,,14276095,33900697
Return to Oz,Adventure,,10618813,25215934
The Black Cauldron,Adventure,,21288692,50553142
My Science Project,Comedy,,4100000,9736051
The Journey of Natty Gann,Drama,,9468512,22302956
One Magic Christmas,Drama,,13229514,31415432
Down and Out in Beverly Hills,Comedy,R,62134225,141183693
Off Beat,Comedy,,4842778,11003932
Ruthless People,Comedy,R,71624879,162748712
The Great Mouse Detective,Adventure,,23605534,53637367
Flight of the Navigator,Adventure,,18564613,42183197
Tough Guys,Comedy,,21458229,48758184
The Color of Money,Drama,R,52293000,117957323
Outrageous Fortune,Comedy,R,52864741,113976921
Tin Men,Comedy,,25411386,54787202
Ernest Goes to Camp,Comedy,,23509382,50686462
Benji the Hunted,Adventure,,15212539,32798382
Adventures in Babysitting,Comedy,,33790923,72853569
Stakeout,Comedy,R,65673233,141592160
Can't Buy Me Love,Romantic Comedy,,31623833,68181300
Hello Again,Comedy,,20419446,44024529
3 Men and a Baby,Comedy,PG,167780960,353334607
Good Morning Vietnam,Comedy,R,123922370,254414837
Shoot to Kill,Action,,29300000,60097074
D.O.A.,Thriller/Suspense,,12706478,26062188
Return to Snowy River,Adventure,PG,13687027,28073384
Big Business,Comedy,PG,40150487,82352451
Who Framed Roger Rabbit?,Comedy,PG,154112492,316250084
Cocktail,Drama,R,78222753,160442289
The Rescue,Action,,5855392,12009960
Heartbreak Hotel,Comedy,,5509417,11300331
The Good Mother,Drama,,4764606,9772655
Ernest Saves Christmas,Comedy,PG,28202109,57845202
Oliver & Company,Adventure,G,49576671,102254492
Beaches,Drama,PG-13,57041866,120381757
Three Fugitives,Comedy,PG-13,40590000,85757817
New York Stories,Drama,PG,10763469,22740861
Disorganized Crime,Comedy,,7210149,15233465
Dead Poets Society,Drama,PG,95860116,202531517
"Honey, I Shrunk the Kids",Adventure,PG,130724172,276191669
Turner & Hooch,Comedy,PG,71079915,150176361
Cheetah,Adventure,,7882250,16653473
An Innocent Man,Drama,R,19397847,40983414
Gross Anatomy,Drama,PG-13,11346186,23972012
The Little Mermaid,Adventure,G,111543479,223726012
Blaze,Drama,R,19049727,39884640
Stella,Drama,PG-13,20062347,40077147
Where the Heart Is,Comedy,,1106475,2210321
Pretty Woman,Romantic Comedy,R,178406268,356389765
Ernest Goes to Jail,Comedy,PG,25029569,49999822
Spaced Invaders,Comedy,PG,15000000,29964452
Fire Birds,Action,PG-13,14760451,29485923
Dick Tracy,Action,PG,103738726,207231621
Betsy's Wedding,Comedy,R,19740070,39433357
Arachnophobia,Thriller/Suspense,PG-13,53208180,106290270
DuckTales: The Movie - Treasure of th…,Adventure,G,18075331,36107823
Taking Care of Business,Comedy,R,20005435,39963460
Mr. Destiny,Comedy,PG-13,15379253,30722056
The Rescuers Down Under,Adventure,G,27931461,55796728
3 Men and a Little Lady,Comedy,PG,71609321,143108869
Green Card,Romantic Comedy,PG-13,29804169,59679131
White Fang,Adventure,PG,34729091,69540672
Scenes from a Mall,Comedy,,9563393,19149495
Haakon Haakonsen,Adventure,PG,15024232,30084149
The Marrying Man,Romantic Comedy,R,12454768,24939118
Oscar,Comedy,PG,23562716,47181395
One Good Cop,Action,R,11276846,22580472
What About Bob?,Comedy,PG,63710000,127571325
Wild Hearts Can't Be Broken,Drama,,7300000,14617333
The Rocketeer,Action,PG,46573027,93256673
The Doctor,Drama,PG-13,37497480,75084021
Paradise,Drama,PG-13,18634643,37313540
Deceived,Thriller/Suspense,PG-13,28738096,57544453
Ernest Scared Stupid,Comedy,PG,14143280,28320147
Billy Bathgate,Drama,R,15565363,31167691
Beauty and the Beast,Musical,G,218951625,363017667
Father of the Bride,Comedy,PG,89325780,179821881
The Hand That Rocks the Cradle,Thriller/Suspense,R,88036683,178831137
Medicine Man,Drama,PG-13,44948240,91304495
Blame it on the Bellboy,Comedy,PG-13,2891055,5872667
Noises Off...,Comedy,PG-13,2280148,4631720
Straight Talk,Comedy,PG,21202099,43068356
Newsies,,PG,2706352,5497481
Passed Away,,PG-13,4030793,8187848
Encino Man,Comedy,PG,40057130,81369058
Sister Act,Comedy,PG,139605150,283583472
Honey I Blew Up the Kid,Comedy,PG,58662452,119162518
A Stranger Among Us,Drama,PG-13,12282994,24950752
3 Ninjas,Action,PG,29028000,58965304
A Gun in Betty Lou's Handbag,,PG-13,3591460,7295423
Captain Ron,Comedy,PG-13,22518097,45741576
Sarafina!,Drama,PG-13,7306242,14841352
Innocent Blood,Horror,R,4877567,9907922
The Mighty Ducks,Comedy,PG,50752337,103120810
1492: Conquest of Paradise,Adventure,PG-13,7099531,14421454
Consenting Adults,Drama,R,21591728,43859823
Aladdin,Comedy,G,217350219,441969178
The Distinguished Gentleman,Comedy,R,46434570,94349900
The Muppet Christmas Carol,Comedy,G,27281507,55417615
Alive,Adventure,R,36299670,73914543
Aspen Extreme,Romantic Comedy,PG-13,7843388,15970955
Homeward Bound: The Incredible Journey,Adventure,G,41833324,85182343
The Cemetery Club,Comedy,PG-13,5583621,11369541
Swing Kids,Musical,PG-13,5632086,11468231
A Far Off Place,Adventure,PG,12890752,26248558
Born Yesterday,Romantic Comedy,PG,17760754,36165012
The Adventures of Huck Finn,Adventure,PG,24103594,49080505
Bound by Honor,,R,4496583,9156084
Indian Summer,Comedy,R,14717851,29968953
Super Mario Bros.,Action,PG,20844907,42445058
Guilty as Sin,Thriller/Suspense,R,22622537,46064723
Life With Mikey,Comedy,PG,12349549,25146538
What's Love Got to Do With It,Drama,R,39100956,79618610
Son in Law,Comedy,PG-13,25989889,52921433
Hocus Pocus,Comedy,PG,39360491,80147079
Another Stakeout,Comedy,PG-13,20107504,40943541
My Boyfriend's Back,,PG-13,3218882,6554384
Father Hood,,PG-13,3268203,6654819
The Joy Luck Club,Drama,R,32790064,66768171
Money for Nothing,Comedy,R,1044824,2127496
The Program,Action,R,23042200,46919256
Cool Runnings,Comedy,PG,68856263,140392731
The Nightmare Before Christmas,Musical,PG,50408318,100026637
The Three Musketeers,Adventure,PG,53661805,109310377
Sister Act 2 Back in the Habit,Comedy,PG,57319029,116965668
Tombstone,Western,R,56505065,115781734
The Air Up There,Comedy,PG,20782439,42940186
Cabin Boy,Comedy,PG-13,3469493,7168577
Iron Will,Drama,PG,20623071,42610902
Red Rock West,,R,2502551,5170709
Blank Check,Comedy,PG,30573770,63170804
Angie,Comedy,R,9252349,19116981
The Ref,Comedy,R,11325885,23401275
D2: The Mighty Ducks,Comedy,PG,45604206,94226333
Holy Matrimony,Comedy,,713234,1473665
White Fang 2: Myth of the White Wolf,Adventure,PG,8752399,18083994
The Inkwell,Comedy,R,8864699,18316030
When a Man Loves a Woman,Drama,R,50021959,103354194
3 Ninjas Kick Back,Action,PG,11744960,24267154
Renaissance Man,Comedy,PG-13,24172899,49945474
The Lion King,Adventure,G,422780140,761640898
I Love Trouble,Romantic Comedy,PG,30806194,63651027
Angels in the Outfield,Comedy,PG,50236831,103798152
In the Army Now,Comedy,PG,28881266,59673787
Color of Night,Thriller/Suspense,R,19750470,40804816
Camp Nowhere,Comedy,PG,10442641,21576332
It's Pat,Comedy,,60822,125666
A Simple Twist of Fate,Drama,PG-13,3404935,7035189
Quiz Show,Drama,PG-13,24787282,50840394
Terminal Velocity,Action,PG-13,16478900,34048315
Ed Wood,Comedy,R,5828466,12042634
The Puppet Masters,Horror,R,8579626,17727017
Squanto: A Warrior's Tale,Drama,PG,3319344,6858345
The Santa Clause,Comedy,PG,144833357,298369717
A Low Down Dirty Shame,Action,R,29317886,60321919
The Jungle Book,Adventure,PG,44342956,88930321
Houseguest,Comedy,PG,26325256,51016522
Bad Company,Thriller/Suspense,R,3523909,6829092
Miami Rhapsody,Romantic Comedy,PG-13,5086578,9857435
The Jerky Boys,Comedy,R,7555256,14641561
Heavy Weights,Comedy,PG,17671310,34245779
Man of the House,Comedy,PG,40029009,77573459
Roommates,Comedy,PG,12076989,23404369
Tall Tale,Western,PG,8247627,15983331
A Pyromaniac's Love Story,Romantic Comedy,PG,468240,907414
Jefferson in Paris,Drama,PG-13,2461628,4770461
Funny Bones,Comedy,R,529135,1025425
A Goofy Movie,Comedy,G,35336439,68479579
While You Were Sleeping,Romantic Comedy,PG,81057016,157082900
Crimson Tide,Action,R,91387195,177102077
Mad Love,Drama,PG-13,15446532,29934306
Pocahontas,Adventure,G,141579773,274370957
Judge Dredd,Action,R,34687912,67222776
Operation Dumbo Drop,Adventure,PG,24670346,47809421
Dangerous Minds,Drama,R,84919401,164552293
A Kid in King Arthur's Court,Adventure,PG,13406717,25981285
The Tie That Binds,Thriller/Suspense,R,5762795,11167895
Unstrung Heroes,Drama,PG,7929000,15365850
The Big Green,Comedy,PG,17736619,34372339
Dead Presidents,Drama,R,24120194,46741467
The Scarlet Letter,Drama,R,10359006,20075033
Feast of July,Drama,R,293274,568342
Powder,Drama,PG-13,30833914,59727216
Toy Story,Adventure,G,191796233,370409631
Father of the Bride Part II,Comedy,PG,76578911,147658438
Nixon,Drama,R,13668249,26302005
Tom and Huck,Adventure,PG,23837227,45911517
Mr. Holland's Opus,Drama,PG,82582604,157508868
White Squall,Adventure,PG-13,10229300,19509726
Muppet Treasure Island,Adventure,G,34327391,65470567
Mr. Wrong,Romantic Comedy,PG-13,12805071,24422334
Before and After,Drama,PG-13,8642118,16482589
Up Close & Personal,Drama,PG-13,51045801,97356578
Homeward Bound II: Lost in San Franc…,Adventure,G,32709423,62384706
Two Much,Romantic Comedy,PG-13,1078555,2057055
Un indien dans la ville,Comedy,PG,1029731,1963937
James and the Giant Peach,Adventure,PG,28921264,55159783
Celtic Pride,Comedy,PG-13,9240378,17623615
Last Dance,Drama,R,5857534,11171714
Boys,Drama,PG-13,21930418,41826566
Spy Hard,Comedy,PG-13,26936265,51373912
Eddie,Comedy,PG-13,31369401,59828966
The Rock,Action,R,134069511,255702705
The Hunchback of Notre Dame,Adventure,G,100138851,190988799
Phenomenon,Drama,PG,104636382,199559799
Kazaam,Comedy,PG,18880508,36009655
Jack,Drama,PG-13,58617334,111792852
First Kid,Comedy,PG,26465920,50465108
The Rich Man's Wife,Thriller/Suspense,R,8538318,16284619
D3: The Mighty Ducks,Comedy,PG,22936273,43713554
The Associate,Comedy,PG-13,12772657,24333094
Ransom,Action,R,136492681,259807820
The War at Home,,R,34368,65543
101 Dalmatians,Comedy,G,136189294,258728898
The Preacher's Wife,Drama,PG,48102795,91076877
Evita,Musical,PG,50047179,92077628
Metro,Action,R,32017895,58804106
Prefontaine,Drama,PG-13,590817,1085093
Shadow Conspiracy,Thriller/Suspense,R,2154540,3957025
That Darn Cat,Comedy,PG,18301828,33613158
Jungle 2 Jungle,Comedy,PG,59925026,110058379
The Sixth Man,Comedy,PG-13,14765099,27117599
Grosse Pointe Blank,Black Comedy,R,28084357,51579764
Romy and Michele's High School Reunion,Comedy,R,29235353,53693680
Gone Fishin',Comedy,PG,19745922,36265379
Con Air,Action,R,101117573,185712664
Hercules,Adventure,G,99112101,182029412
George Of The Jungle,Comedy,PG,105263257,193326632
Nothing To Lose,Comedy,R,44480039,81692095
Air Bud,Comedy,PG,24646936,45266588
G.I. Jane,Drama,R,48169156,88467531
A Thousand Acres,Drama,R,7928412,14561324
Washington Square,Drama,PG,1775644,3257546
Rocket Man,Comedy,PG,15448043,28371890
Playing God,Thriller/Suspense,R,4166918,7652965
Flubber,Comedy,PG,92993801,170406423
An American Werewolf in Paris,Horror,R,26570463,48546161
Mr. Magoo,Comedy,PG,21437192,39145784
Kundun,Drama,PG-13,5686694,10236836
Deep Rising,Action,R,11203026,20136775
Krippendorf's Tribe,Comedy,PG-13,7571115,13608633
An Alan Smithee Film: Burn Hollywood …,Comedy,R,45779,82277
Meet the Deedles,Comedy,PG,4356126,7829877
He Got Game,Drama,R,21567853,38766948
The Horse Whisperer,Drama,PG-13,75383563,135497531
"Six Days, Seven Nights",Romantic Comedy,PG-13,74339294,133620516
Mulan,Adventure,G,120620254,216807832
Armageddon,Adventure,PG-13,201578182,362324957
Jane Austen's Mafia,Comedy,PG-13,19843795,35668055
The Parent Trap,Comedy,PG,66308518,119185667
Firelight,Drama,R,784419,1409943
Simon Birch,Drama,PG,18253415,32809442
Holy Man,Comedy,PG,12069719,21694605
Beloved,Drama,R,22852487,41062682
The Waterboy,Comedy,PG-13,161491646,288691833
I'll Be Home For Christmas,Comedy,PG,12214338,21941840
A Bug's Life,Adventure,G,162798565,288981698
Enemy of the State,Action,R,111549836,198472008
Rushmore,Black Comedy,R,17105219,28392518
A Civil Action,Drama,PG-13,56709981,94139530
Mighty Joe Young,Adventure,PG,50632037,87906042
My Favorite Martian,Comedy,PG,36850101,61150849
The Other Sister,Romantic Comedy,PG-13,27807627,46145331
Doug's 1st Movie,Adventure,G,19421271,32228598
Ten Things I Hate About You,Romantic Comedy,PG-13,38177966,63354375
Endurance,,PG,229128,380218
Instinct,Drama,R,34105207,56595842
Tarzan,Adventure,G,171091819,283900254
Summer of Sam,Drama,R,19288130,32007656
Inspector Gadget,Comedy,PG,97387965,161610341
The Sixth Sense,Thriller/Suspense,PG-13,293506292,485424724
The 13th Warrior,Action,R,32698899,54262148
Breakfast of Champions,Comedy,R,178287,295851
Mumford,Comedy,R,4559569,7566363
"Mystery, Alaska",Comedy,R,8891623,14755189
The Straight Story,Drama,G,6197866,10111144
The Insider,Drama,R,28965197,47794214
Toy Story 2,Adventure,G,245852179,404450426
Cradle Will Rock,Drama,R,2899970,4609153
Deuce Bigalow: Male Gigolo,Comedy,R,65535067,106921374
Bicentennial Man,Drama,PG,58220776,94838225
Play it to the Bone,Comedy,R,8427204,13180524
Fantasia 2000 (IMAX),Musical,G,60507228,94852354
Gun Shy,Comedy,R,1638202,2562155
The Tigger Movie,Adventure,G,45542421,71228678
Mission to Mars,Adventure,PG,60874615,95208344
High Fidelity,Comedy,R,27277055,42661516
Keeping the Faith,Romantic Comedy,PG-13,37036404,57925202
Dinosaur,Adventure,PG,137748063,215438985
Shanghai Noon,Western,PG-13,56932305,89042541
Gone in 60 Seconds,Action,PG-13,101643008,158970411
Fantasia 2000 (Theatrical Release),Musical,G,9103630,14238144
The Kid,Comedy,PG,69688384,108993148
Coyote Ugly,Drama,PG-13,60786269,95070168
The Crew,Comedy,PG-13,13019253,20362201
Duets,Drama,R,4734235,7404372
Remember the Titans,Drama,PG,115654751,180742479
Unbreakable,Thriller/Suspense,PG-13,94999143,148208901
102 Dalmatians,Comedy,G,66941559,104055039
The Emperor's New Groove,Adventure,G,89296573,136789252
"O Brother, Where Art Thou?",Comedy,PG-13,45506619,67922002
Double Take,Action,PG-13,29823162,44418589
Recess: School's Out,Comedy,G,36696761,54656124
Just Visiting,Comedy,PG-13,4777007,7114869
Pearl Harbor,Action,PG-13,198539855,295705112
Atlantis: The Lost Empire,Adventure,PG,84052762,125188122
crazy/beautiful,Drama,PG-13,16929123,25214223
The Princess Diaries,Comedy,G,108244774,161218928
Bubble Boy,Comedy,PG-13,5002310,7450434
Max Keeble's Big Move,Comedy,PG,17292381,25749730
Corky Romano,Comedy,PG-13,23978402,35705805
High Heels and Low Lifes,,R,226792,337782
"Monsters, Inc.",Adventure,G,289423425,416073179
Out Cold,Comedy,PG-13,13906394,20700691
The Royal Tenenbaums,Black Comedy,R,52353636,76758193
Beauty and the Beast (IMAX),Musical,G,25487028,36980311
Frank McKlusky C.I.,,,0,0
Snow Dogs,Comedy,PG,81150692,117745317
The Count of Monte Cristo,Drama,PG-13,54228104,78682079
Peter Pan: Return to Neverland,Adventure,G,48430258,70269715
Reign of Fire,Action,PG-13,43061982,62480631
Sorority Boys,Comedy,R,10198766,14797862
The Rookie,Drama,G,75600072,109691666
Big Trouble,Comedy,PG-13,7262288,10537188
ESPN's Ultimate X - The Movie,Documentary,PG,4197175,6089874
Bad Company,Action,PG-13,30157016,43756218
Lilo & Stitch,Adventure,PG,145771527,211506702
The Country Bears,Adventure,G,16988996,24650121
Signs,Thriller/Suspense,PG-13,227965690,330754439
Sen to Chihiro no Kamikakushi,Adventure,PG,10049886,14338992
Sweet Home Alabama,Comedy,PG-13,127214072,184521151
Moonlight Mile,Drama,PG-13,6830957,9909094
Tuck Everlasting,Drama,PG,19161999,27789959
The Santa Clause 2,Comedy,G,139225854,201959095
Treasure Planet,Adventure,PG,38120554,55189145
The Hot Chick,Comedy,PG-13,35081550,50624654
25th Hour,Drama,R,13084595,18325463
The Recruit,Thriller/Suspense,PG-13,52784696,73793522
Shanghai Knights,Adventure,PG-13,60470220,84537962
The Jungle Book 2,Adventure,G,47901582,66966883
Bringing Down the House,Comedy,PG-13,132675402,185481530
Piglet's Big Movie,Comedy,G,23103423,32298812
Ghosts of the Abyss,Documentary,G,17093668,23803108
Holes,Drama,PG,67383924,94203395
The Lizzie McGuire Movie,Comedy,PG,42734455,59743191
Finding Nemo,Adventure,G,380529370,518148559
Pirates of the Caribbean: The Curse o…,Adventure,PG-13,305411224,426967926
Freaky Friday,Comedy,PG,110222438,154090360
Open Range,Western,R,58331254,81547672
Cold Creek Manor,Thriller/Suspense,R,21384035,29895090
Under the Tuscan Sun,Comedy,PG-13,43601508,60944053
Veronica Guerin,Drama,R,1569918,2194759
Brother Bear,Adventure,G,85336277,119218333
The Haunted Mansion,Comedy,PG,75817994,105775678
Calendar Girls,Comedy,PG-13,31011616,42379650
Young Black Stallion,Adventure,G,6751389,9254344
Teacher's Pet: The Movie,Comedy,PG,6491969,8812764
Miracle,Drama,PG,64378093,87392478
Confessions of a Teenage Drama Queen,Comedy,PG,29331068,39816568
Hidalgo,Western,PG-13,67286731,91340921
The Ladykillers,Comedy,R,39692139,53881593
Home on the Range,Comedy,PG,50026353,67910166
The Alamo,Western,PG-13,22406362,30416359
Raising Helen,Comedy,PG-13,37485528,50886144
Around the World in 80 Days,Adventure,PG,24004159,32585356
America's Heart and Soul,Documentary,Not Rated,314000,426246
King Arthur,Adventure,PG-13,51877963,70423706
The Village,Thriller/Suspense,PG-13,114197520,155021748
The Princess Diaries 2: Royal Engagement,Romantic Comedy,G,95149435,129164207
Mr. 3000,Comedy,PG-13,21800302,29593641
The Last Shot,Comedy,R,463730,629502
Ladder 49,Action,PG-13,74541707,101161045
The Incredibles,Adventure,PG,261441092,354488708
National Treasure,Adventure,PG,173005002,234069353
The Life Aquatic with Steve Zissou,Comedy,R,24006726,32198655
Aliens of the Deep,Documentary,G,8968684,11740942
Pooh's Heffalump Movie,Adventure,G,18098433,23801835
The Pacifier,Comedy,PG,113006880,148619029
Ice Princess,Comedy,G,24381334,32064685
A Lot Like Love,Comedy,PG-13,21835784,28716947
The Hitchhiker's Guide to the Galaxy,Comedy,PG,51019112,67096891
Hauru no ugoku shiro,Adventure,PG,4710455,6194870
Herbie: Fully Loaded,Comedy,G,66010682,86812798
Dark Water,Thriller/Suspense,PG-13,25473093,33500491
Sky High,Adventure,PG,63939454,84088854
Valiant,Adventure,G,19478106,25616292
Flightplan,Thriller/Suspense,PG-13,89706988,117960425
The Greatest Game Ever Played,Drama,PG,15331289,20162672
Shopgirl,Drama,R,10284523,13519621
Chicken Little,Adventure,G,135386665,177954661
"The Chronicles of Narnia: The Lion, t…",Adventure,PG,291710957,381557539
Casanova,Drama,R,11304403,14574087
Glory Road,Drama,PG,42647449,54888236
Annapolis,Drama,PG-13,17127992,22044113
Roving Mars,Documentary,G,10407978,12948025
Eight Below,Adventure,PG,81612565,105037235
The Shaggy Dog,Comedy,PG,61123569,78667428
Stay Alive,Horror,PG-13,23086480,29712825
The Wild,Adventure,G,37384046,48114115
Stick It,Comedy,PG-13,26910736,34634731
Goal! The Dream Begins,Drama,PG,4283255,5512647
Cars,Comedy,G,244082982,314140384
Pirates of the Caribbean: Dead Man’…,Adventure,PG-13,423315812,544817142
Step Up,Drama,PG-13,65328121,84078780
Invincible,Drama,PG,57806952,74398864
The Guardian,Action,PG-13,55011732,70801353
The Prestige,Thriller/Suspense,PG-13,53089891,68289913
Tim Burton's The Nightmare Before Chr…,Musical,PG,24732041,30737517
The Santa Clause 3: The Escape Clause,Comedy,G,84500122,108694869
Déjà Vu,Thriller/Suspense,PG-13,64038616,82267038
Apocalypto,Adventure,R,50866635,64959548
Primeval,Adventure,R,10597734,12985302
Bridge to Terabithia,Drama,PG,82234139,100760721
Wild Hogs,Comedy,PG-13,168213584,206110533
Meet the Robinsons,Adventure,G,97822171,119860589
The Lookout,Drama,R,4600585,5637048
The Hoax,Drama,R,7164995,8779196
The Invisible,Thriller/Suspense,PG-13,20568319,25202168
Pirates of the Caribbean: At World’…,Adventure,PG-13,309420425,379129960
Ratatouille,Comedy,G,206445654,252955933
Underdog,Adventure,PG,43760605,53619462
The Game Plan,Comedy,PG,90648202,111010758
Dan in Real Life,Romantic Comedy,PG-13,47642963,58350234
Enchanted,Romantic Comedy,PG,127706877,156074310
National Treasure 2: Book of Secrets,Adventure,PG,219961501,267003525
Hannah Montana/Miley Cyrus: Best of B…,Concert/Performance,G,65281781,76646993
Step Up 2 the Streets,Drama,PG-13,58017783,68118371
College Road Trip,Comedy,G,45610425,53550960
The Chronicles of Narnia: Prince Caspian,Adventure,PG,141621490,166277038
WALL-E,Adventure,G,223808164,262771918
Swing Vote,Comedy,PG-13,16289867,19125841
Goal! 2: Living the Dream...,Drama,PG-13,225067,264247
Miracle at St. Anna,Drama,R,7916887,9295171
Beverly Hills Chihuahua,Comedy,PG,94514402,110932022
Morning Light,Documentary,PG,275093,322979
High School Musical 3: Senior Year,Musical,G,90559416,106308538
Bolt,Comedy,PG,114053759,133702498
Bedtime Stories,Comedy,PG,110101975,128039679
Confessions of a Shopaholic,Romantic Comedy,PG,44277350,49767744
Jonas Brothers: The 3D Concert Experi…,Concert/Performance,G,38174685,38174685
Race to Witch Mountain,Adventure,PG,67172594,75501997
Hannah Montana the Movie,Drama,G,79576189,89443640
Earth,Documentary,G,32011576,35981010
Up,Adventure,PG,293004164,329336681
The Proposal,Romantic Comedy,PG-13,163958031,184288829
G-Force,Adventure,PG,119436770,134246932
Gake no ue no Ponyo,Adventure,G,15090399,16961607
X Games 3D: The Movie,Documentary,PG,1391434,1563976
Walt and El Grupo,Documentary,PG,20521,23064
Surrogates,Action,PG-13,38577772,43361416
Toy Story 3D Double Feature,Adventure,G,30702446,34509545
Disney's A Christmas Carol,Drama,PG,137855863,154927105
The Princess and the Frog,Adventure,G,104400899,116316457
Old Dogs,Comedy,PG,49492060,55503929
When in Rome,Romantic Comedy,PG-13,32680633,34917330
Alice in Wonderland,Adventure,PG,334191110,357063499
Waking Sleeping Beauty,Documentary,PG,80741,86264
The Last Song,Drama,PG,62950384,67258772
Oceans,Documentary,G,19422319,20751600
Prince of Persia: Sands of Time,Action,PG-13,90759676,96971361
Toy Story 3,Adventure,G,415004880,443408255
The Sorcerer's Apprentice,Adventure,PG,63150991,67473105
Step Up 3D,Drama,PG-13,42400223,45302137
Gedo Senki (Tales from Earthsea),Adventure,PG-13,48658,51988
You Again,Comedy,PG,25702053,27461121
Secretariat,Drama,PG,59699513,63781920
Tangled,Adventure,PG,200821936,214388548
Tron: Legacy,Adventure,PG,172062763,183619259
Gnomeo and Juliet,Comedy,G,99967670,106270797
I am Number Four,Adventure,PG-13,55100437,58574607
Mars Needs Moms,Adventure,PG,21392758,22741603
African Cats,Documentary,G,15428747,16401551
Zokkomon,Adventure,PG,2815,2984
Prom,Comedy,PG,10130219,10768946
Pirates of the Caribbean: On Stranger…,Adventure,PG-13,241063875,256263359
Cars 2,Adventure,G,191450875,203522177
Winnie the Pooh,Adventure,G,26692846,28375869
The Help,Drama,PG-13,169705587,180404976
Fright Night,Horror,R,18298649,19452402
Real Steel,Action,PG-13,85463309,90848019
The Muppets,Comedy,PG,88625922,94189503
War Horse,Drama,PG-13,79883359,84762149
The Secret World of Arietty,Adventure,G,19192510,20325733
John Carter,Adventure,PG-13,73058679,77372445
Chimpanzee,Documentary,G,28965459,30675725
The Avengers,Action,PG-13,623279547,660081224
Brave,Adventure,PG,237282182,251292441
People Like Us,Drama,PG-13,12431792,13165822
The Odd Life of Timothy Green,Drama,PG,51853450,54914942
Frankenweenie,Comedy,PG,35287788,37363513
Wreck-It Ralph,Adventure,PG,189412677,200354959
Lincoln,Drama,PG-13,182207973,192122330
Oz the Great and Powerful,Adventure,PG,234770996,243434130
Iron Man 3,Action,PG-13,408992272,424084233
Monsters University,Adventure,G,268488329,278395641
The Lone Ranger,Western,PG-13,89302115,92597388
Disney Planes,Comedy,PG,90282580,93614037
The Fifth Estate,Drama,R,3254172,3374251
Thor: The Dark World,Adventure,PG-13,206362140,213962184
Kaze Tachinu,Drama,PG-13,5201879,5367415
Frozen,Adventure,PG,400738009,414997174
Delivery Man,Comedy,PG-13,30659817,31787136
Saving Mr. Banks,Drama,PG-13,83299761,86249969
Need for Speed,Action,PG-13,43568507,44955015
Muppets Most Wanted,Comedy,PG,51178893,52807594
Captain America: The Winter Soldier,Action,PG-13,259746958,268013076
Bears,Documentary,G,17780194,18346024
Million Dollar Arm,Drama,PG,36447959,37607865
Maleficent,Adventure,PG,241407328,249089809
Planes: Fire and Rescue,Adventure,PG,59157732,61040349
Guardians of the Galaxy,Adventure,PG-13,333172112,343771168
The Hundred-Foot Journey,Romantic Comedy,PG,54235441,55961409
"Alexander and the Terrible, Horrible,…",Comedy,PG,66954149,69055550
Big Hero 6,Adventure,PG,222527828,229249222
Into the Woods,Musical,PG,128002372,130894237
Strange Magic,Adventure,PG,12429583,12429583
"McFarland, USA",Drama,PG,44480275,44480275
Cinderella,Drama,PG,201151353,201151353
Monkey Kingdom,Documentary,G,16432322,16432322
Avengers: Age of Ultron,Action,PG-13,459005868,459005868
Tomorrowland,Adventure,PG,93436322,93436322
Inside Out,Adventure,PG,356461711,356461711
Ant-Man,Action,PG-13,180202163,180202163
Bridge of Spies,Thriller/Suspense,PG-13,72313754,72313754
The Good Dinosaur,Adventure,PG,123087120,123087120
Star Wars Ep. VII: The Force Awakens,Adventure,PG-13,936662225,936662225
The Finest Hours,Thriller/Suspense,PG,27569558,27569558
Zootopia,Adventure,PG,341268248,341268248
The Jungle Book,Adventure,PG,364001123,364001123
A Beautiful Planet,Documentary,G,7895708,7895708
Captain America: Civil War,Action,PG-13,408084349,408084349
Alice Through the Looking Glass,Adventure,PG,77042381,77042381
Finding Dory,Adventure,PG,486295561,486295561
The BFG,Adventure,PG,55483770,55483770
Pete’s Dragon,Adventure,PG,76233151,76233151
The Light Between Oceans,Drama,PG-13,12545979,12545979
Queen of Katwe,Drama,PG,8874389,8874389
Doctor Strange,Adventure,PG-13,232532923,232532923
Moana,Adventure,PG,246082029,246082029
Rogue One: A Star Wars Story,Adventure,PG-13,529483936,529483936